﻿<?xml version="1.0" encoding="utf-8" ?>
<customers>
  <customer>
    <customerid> 1001</customerid>
    <customername>sai</customername>
    <customercity>hyd</customercity>
  </customer>
  <customer>
    <customerid>1002</customerid>
    <customername>
      yash
    </customername>
    <customercity>sweden</customercity>
  </customer>
<customer>
  <customerid>1003</customerid>
  <customername>balu</customername>
  <customercity>hyd</customercity>
</customer>
</customers>
